/** Users **/
-- Admins
INSERT INTO user_ (userID, name, email, birthDate, PASSWORD, gender, profilePic, admin)
    VALUES (1, 'Zediogo96', 'zediogox@hotmail.com', '2022/12/19', '0c0a39b71ead9b74093f171e2ed5b912c4514bb71d1f6c2944d839e9d40f60ab', 'M', 'assets/user_profile_photos/1', TRUE);

INSERT INTO user_ (userID, name, email, birthDate, PASSWORD, gender, profilePic, admin)
    VALUES (2, 'EduSilva', 'edu_silva@hotmail.com', '2022/12/19', '0c0a39b71ead9b74093f171e2ed5b912c4514bb71d1f6c2944d839e9d40f60ab','M', 'assets/user_profile_photos/2', TRUE);

INSERT INTO user_ (userID, name, email, birthDate, PASSWORD, gender, profilePic, admin)
    VALUES (3, 'AfonsoFarr', 'af_farroco@hotmail.com', '2022/12/19', '0c0a39b71ead9b74093f171e2ed5b912c4514bb71d1f6c2944d839e9d40f60ab', 'M', 'assets/user_profile_photos/3', TRUE);

INSERT INTO user_ (userID, name, email, birthDate, PASSWORD, gender, profilePic, admin)
    VALUES (4, 'MatildeSilva', 'mat_silva@hotmail.com', '2022/12/19', '0c0a39b71ead9b74093f171e2ed5b912c4514bb71d1f6c2944d839e9d40f60ab', 'M', 'assets/user_profile_photos/4', TRUE);

/* Users */

INSERT INTO user_ (userID, name, email, birthDate, password, gender, profilePic, admin) VALUES (5, 'Thomas Orwig', 'Paul_Pak78@hotmail.com', '2020/12/11', '9644949e2bbdf42153ee331ef896b0f6120339bca2027442604af3d9c0c3eb56', 'O', 'assets/user_profile_photos/5.jpg', False);
INSERT INTO user_ (userID, name, email, birthDate, password, gender, profilePic, admin) VALUES (6, 'Frank Miller', 'Ike_Can93@gmail.com', '2021/12/26', '779dcd499d7988e1939e4dcdb4738f2c57fe953498a9bea2db9682da201828fb', 'M', 'assets/user_profile_photos/6.jpg', False);
INSERT INTO user_ (userID, name, email, birthDate, password, gender, profilePic, admin) VALUES (7, 'Fred Cannon', 'Ty_Law93@yahoo.pt', '2021/12/8', '352ea9e27fb3b8e1c16cda3027ddf82cc655ed3ce39c1b302e987cb066fcea32', 'O', 'assets/user_profile_photos/7.jpg', False);
INSERT INTO user_ (userID, name, email, birthDate, password, gender, profilePic, admin) VALUES (8, 'Alex Nugent', 'Steve_Nug89@hotmail.com', '2022/7/1', 'f13cd9be3e9a8d9701ea5fcd2e4b38c027e03410faba96893fa93967e53275d4', 'F', 'assets/user_profile_photos/8.jpg', False);
INSERT INTO user_ (userID, name, email, birthDate, password, gender, profilePic, admin) VALUES (9, 'Tim Knutson', 'George_Nug88@hotmail.com', '2021/12/14', 'bad35a58c5baf00cdf7eca85f29cb160ad58ea9fc3bb5b7e112198f7027fe39e', 'F', 'assets/user_profile_photos/9.jpg', False);
INSERT INTO user_ (userID, name, email, birthDate, password, gender, profilePic, admin) VALUES (10, 'Tim Hesch', 'Fred_Dei77@hotmail.com', '2021/11/1', '922aa4976cfd717be112e1cb351d8fefac85f53a56d582aaabbe3de054ffaf2e', 'O', 'assets/user_profile_photos/10.jpg', False);
INSERT INTO user_ (userID, name, email, birthDate, password, gender, profilePic, admin) VALUES (11, 'George Boyd', 'Steve_McC96@hotmail.com', '2022/8/3', 'a32f293eee304390ed6da23ae4ab0590df1badcc473ae31ac363335dddd1a303', 'F', 'assets/user_profile_photos/11.jpg', False);
INSERT INTO user_ (userID, name, email, birthDate, password, gender, profilePic, admin) VALUES (12, 'Fred McCormack', 'Walter_Bat96@yahoo.pt', '2020/5/22', '122d3e811d54aec7dd9c383e28cfe41814cb86de810c5fa9e3d4577df9404d53', 'M', 'assets/user_profile_photos/12.jpg', False);
INSERT INTO user_ (userID, name, email, birthDate, password, gender, profilePic, admin) VALUES (13, 'Ty Ebner', 'David_And96@yahoo.pt', '2020/3/26', '922cad714594f58883ceccf409b64673921f2754718a73ffedd5f2a940ec9003', 'O', 'assets/user_profile_photos/13.jpg', False);
INSERT INTO user_ (userID, name, email, birthDate, password, gender, profilePic, admin) VALUES (14, 'Joe Ashwoon', 'Dan_Hes84@yahoo.pt', '2020/8/20', '139eba792e702794e3bbea815d4a29714ebb334e68704f17976e61c69c562ae8', 'F', 'assets/user_profile_photos/14.jpg', False);
INSERT INTO user_ (userID, name, email, birthDate, password, gender, profilePic, admin) VALUES (15, 'Fred Lawicki', 'Roger_Aik88@hotmail.com', '2020/1/11', '445960f22ccade2bbc48dca89574e4b04e378b4be9e671acc9e896e9be4a90ca', 'O', 'assets/user_profile_photos/15.jpg', False);
INSERT INTO user_ (userID, name, email, birthDate, password, gender, profilePic, admin) VALUES (16, 'Mark Deitz', 'Jack_Aik95@gmail.com', '2022/12/14', '3f8800d771e57f2b4ff96de4abbf003bf174452ea6083b0213a60473947afbe0', 'M', 'assets/user_profile_photos/16.jpg', False);
INSERT INTO user_ (userID, name, email, birthDate, password, gender, profilePic, admin) VALUES (17, 'Steve Knutson', 'David_Orw83@hotmail.com', '2020/8/16', 'f6d642c0a06524720de2be173938cff675682f96caa5282deee9a6995bb49b3c', 'M', 'assets/user_profile_photos/17.jpg', False);
INSERT INTO user_ (userID, name, email, birthDate, password, gender, profilePic, admin) VALUES (18, 'Matthew Quinn', 'Adam_Qui94@gmail.com', '2020/1/8', '1aa5c97b42d3bc6b4700e4080c801edac54d9ec30f901c4f40ff86ffa509ba1d', 'O', 'assets/user_profile_photos/18.jpg', False);
INSERT INTO user_ (userID, name, email, birthDate, password, gender, profilePic, admin) VALUES (19, 'Frank Ebner', 'Roger_Dei73@hotmail.com', '2022/4/7', '2f7a3b2a67a6855f4b49feaa7b7e8f2fff24315fc2c1a743168f1db3c5ef51a8', 'M', 'assets/user_profile_photos/19.jpg', False);
INSERT INTO user_ (userID, name, email, birthDate, password, gender, profilePic, admin) VALUES (20, 'John Ebner', 'Paul_Bow79@gmail.com', '2020/5/4', 'bd5479f8e2004b5bb78033425ea93d9793806f45f3eb638416564206ceb9abe5', 'O', 'assets/user_profile_photos/20.jpg', False);
INSERT INTO user_ (userID, name, email, birthDate, password, gender, profilePic, admin) VALUES (21, 'Hal Quinn', 'Monte_Mcc80@hotmail.com', '2022/4/16', '1b5232a2e0bcc326698673978afc2c73e61ef25c35bd030781cf964959f3311f', 'O', 'assets/user_profile_photos/21.jpg', False);
INSERT INTO user_ (userID, name, email, birthDate, password, gender, profilePic, admin) VALUES (22, 'Aaron Lawless', 'Alex_Mcc77@gmail.com', '2021/7/23', 'c426f6564ff3fe43262fb80919164b628e9cbed0689b2baad181d00bc81fb8f6', 'M', 'assets/user_profile_photos/22.jpg', False);
INSERT INTO user_ (userID, name, email, birthDate, password, gender, profilePic, admin) VALUES (23, 'David Paiser', 'Adam_Pet98@hotmail.com', '2021/2/5', '18139f04d65e32e7ba88278ceb04d37ae778919c01b25081c8f5d1e55df8858e', 'M', 'assets/user_profile_photos/23.jpg', False);
INSERT INTO user_ (userID, name, email, birthDate, password, gender, profilePic, admin) VALUES (24, 'Roger Ebner', 'Aaron_McC87@yahoo.pt', '2020/10/20', '3d8aad9c272b2deadd95cda08af36258275a06bd16611fb7ff28675aeea77ffc', 'O', 'assets/user_profile_photos/24.jpg', False);
INSERT INTO user_ (userID, name, email, birthDate, password, gender, profilePic, admin) VALUES (25, 'Walter Paiser', 'Aaron_Orw88@yahoo.pt', '2022/10/29', '2ab13944e0c68d7711827aa5745df82864578e3735660d557bfdf785a6585210', 'M', 'assets/user_profile_photos/25.jpg', False);
INSERT INTO user_ (userID, name, email, birthDate, password, gender, profilePic, admin) VALUES (26, 'Aaron Myers', 'Paul_Aik86@gmail.com', '2022/6/24', 'c5a9facb04d5d9a718ca051829e7d14ae95c56a4e49d11a4196a77eb52c7d8d7', 'M', 'assets/user_profile_photos/26.jpg', False);
INSERT INTO user_ (userID, name, email, birthDate, password, gender, profilePic, admin) VALUES (27, 'Hank Deitz', 'Roger_Mcc72@yahoo.pt', '2022/7/4', '540e50b6791811ac0d3543a8cffdddcd23b06979b1faebd9c1fe29099832e499', 'F', 'assets/user_profile_photos/27.jpg', False);
INSERT INTO user_ (userID, name, email, birthDate, password, gender, profilePic, admin) VALUES (28, 'Ike Orwig', 'Edward_Bat83@gmail.com', '2022/11/6', 'db665c32a8da636aa5ab51c36d0ff13377b78dde38c6c232adb8c50fd833ae87', 'O', 'assets/user_profile_photos/28.jpg', False);
INSERT INTO user_ (userID, name, email, birthDate, password, gender, profilePic, admin) VALUES (29, 'Carl Ortiz', 'Dan_Aik85@yahoo.pt', '2020/8/20', '710061e0f7a143f23afeefaca6bf03f864406846bb7d07b74c37e5e83d54e460', 'M', 'assets/user_profile_photos/29.jpg', False);
INSERT INTO user_ (userID, name, email, birthDate, password, gender, profilePic, admin) VALUES (30, 'Peter Ashwoon', 'Ty_Hof70@hotmail.com', '2020/1/23', '8dba5e63966fb272f559dccdc5cf1c680cdceb9d806db675744112febba740c2', 'M', 'assets/user_profile_photos/30.jpg', False);
INSERT INTO user_ (userID, name, email, birthDate, password, gender, profilePic, admin) VALUES (31, 'John Cannon', 'Thomas_Haw83@hotmail.com', '2020/3/2', '606ce7c94159e59dcdf5c5de805b146c6a8860f37b815c5bebb3b74e24e0e4e4', 'O', 'assets/user_profile_photos/31.jpg', False);
INSERT INTO user_ (userID, name, email, birthDate, password, gender, profilePic, admin) VALUES (32, 'Peter Lawicki', 'Roger_Bat93@gmail.com', '2020/3/1', '56a68e287d32395a30a1e97f31dbb47beaf3f14c6f63fce5858f8fd3a9e39e26', 'O', 'assets/user_profile_photos/32.jpg', False);
INSERT INTO user_ (userID, name, email, birthDate, password, gender, profilePic, admin) VALUES (33, 'Frank Frick', 'Fred_Qui96@gmail.com', '2021/6/10', '60aa464cd09bcf6343cb5186e88d9b7c2b735c2929379843b670a13bb467ac72', 'O', 'assets/user_profile_photos/33.jpg', False);
INSERT INTO user_ (userID, name, email, birthDate, password, gender, profilePic, admin) VALUES (34, 'Adam Bateman', 'Edward_Qui81@hotmail.com', '2022/9/26', '319b4a8073489120daf23966dbc4318b9ecf3c7624bbb591e34a106164202535', 'F', 'assets/user_profile_photos/34.jpg', False);
INSERT INTO user_ (userID, name, email, birthDate, password, gender, profilePic, admin) VALUES (35, 'Hal Kassing', 'Steve_Mil89@gmail.com', '2021/4/16', '0d73af7d297096e3e9d360c14189c192e664d1383ec3f2aa65bf4da7e9d35b5c', 'O', 'assets/user_profile_photos/35.jpg', False);
INSERT INTO user_ (userID, name, email, birthDate, password, gender, profilePic, admin) VALUES (36, 'Adam Haworth', 'Roger_Ory87@hotmail.com', '2022/4/23', '69c6a296d7e7fac5ef03893b2da899672640c3a8d978fef3b384fbbba557432e', 'O', 'assets/user_profile_photos/36.jpg', False);
INSERT INTO user_ (userID, name, email, birthDate, password, gender, profilePic, admin) VALUES (37, 'Carl Orwig', 'Jack_Kas84@gmail.com', '2020/8/22', 'ca9796a5be1c082214027081765562fbe6cd103e5de15fb3688c219edc1b8785', 'O', 'assets/user_profile_photos/37.jpg', False);
INSERT INTO user_ (userID, name, email, birthDate, password, gender, profilePic, admin) VALUES (38, 'Paul Quinn', 'Ike_Mil74@yahoo.pt', '2020/10/3', '552a8d48c1c0a691f21de1cc04cba4310fab707e0d6cbf409b0e7fb848d43956', 'M', 'assets/user_profile_photos/38.jpg', False);
INSERT INTO user_ (userID, name, email, birthDate, password, gender, profilePic, admin) VALUES (39, 'Roger Frick', 'Aaron_Bow72@yahoo.pt', '2022/2/26', 'd79998dd9271329f11e5bb248b274da5b9bff79f9ec9f00c03323feb88fa009e', 'F', 'assets/user_profile_photos/39.jpg', False);
INSERT INTO user_ (userID, name, email, birthDate, password, gender, profilePic, admin) VALUES (40, 'Nathan Deitz', 'Fred_Aik90@hotmail.com', '2021/9/5', '7bb368f7f697084d9d682a9694127304eac06f9b42d20cea1250703b9c0ed7bf', 'F', 'assets/user_profile_photos/40.jpg', False);
INSERT INTO user_ (userID, name, email, birthDate, password, gender, profilePic, admin) VALUES (41, 'Roger McCormack', 'Matthew_Nug97@yahoo.pt', '2021/6/17', '5289899450d8c2b03f89c4a9f6936801c13a05982c0b0f5c8547237a779493af', 'O', 'assets/user_profile_photos/41.jpg', False);
INSERT INTO user_ (userID, name, email, birthDate, password, gender, profilePic, admin) VALUES (42, 'Ty Boyd', 'Aaron_Pet90@yahoo.pt', '2022/10/5', 'b5df7550709a0cc4e054be75a9046ef4227e493cb885994c381d172e433e552b', 'M', 'assets/user_profile_photos/42.jpg', False);
INSERT INTO user_ (userID, name, email, birthDate, password, gender, profilePic, admin) VALUES (43, 'Aaron Pak', 'Peter_Mye96@hotmail.com', '2022/2/9', 'f0cb14d1d2d63197bc93047ddb993fba2661111cdb83b258a7359979dfa6e3c1', 'M', 'assets/user_profile_photos/43.jpg', False);
INSERT INTO user_ (userID, name, email, birthDate, password, gender, profilePic, admin) VALUES (44, 'George Nugent', 'Ben_Cas83@gmail.com', '2022/4/28', '4e4b1a50e531380ba48f8cb95927c119558955613e50b86413b1b64de4bf058b', 'M', 'assets/user_profile_photos/44.jpg', False);
INSERT INTO user_ (userID, name, email, birthDate, password, gender, profilePic, admin) VALUES (45, 'Carl Kassing', 'Steve_Law89@hotmail.com', '2022/3/15', 'dab6a8176fa718f523c78b9cafd184d398eff4b41dc4ddb60f1e3487989a80c7', 'O', 'assets/user_profile_photos/45.jpg', False);
INSERT INTO user_ (userID, name, email, birthDate, password, gender, profilePic, admin) VALUES (46, 'David Bowers', 'David_Fri73@hotmail.com', '2020/7/9', '14760187fce728b7316dda6cde9f35896b4eb4716d3944d697ad41461f7b8323', 'F', 'assets/user_profile_photos/46.jpg', False);
INSERT INTO user_ (userID, name, email, birthDate, password, gender, profilePic, admin) VALUES (47, 'Alex Haworth', 'Steve_Boy82@gmail.com', '2021/1/12', 'fe14adb6950368a8e1fe764ae31c0dbc86dc6e615c2d48d2960a7f74ff5dc911', 'O', 'assets/user_profile_photos/47.jpg', False);
INSERT INTO user_ (userID, name, email, birthDate, password, gender, profilePic, admin) VALUES (48, 'Nathan Orwig', 'Ty_Boy93@hotmail.com', '2021/12/5', '06b7fe3d366c8f3394c9a0c2e2c71968ec5eb6c663b7e2f0f0315e851fae72b1', 'O', 'assets/user_profile_photos/48.jpg', False);
INSERT INTO user_ (userID, name, email, birthDate, password, gender, profilePic, admin) VALUES (49, 'Frank Lawless', 'Hal_Can72@yahoo.pt', '2020/11/4', 'fa52087106f92dbad59ceaab27a40583fe019e69f7db7d1598d67f6349693606', 'O', 'assets/user_profile_photos/49.jpg', False);
INSERT INTO user_ (userID, name, email, birthDate, password, gender, profilePic, admin) VALUES (50, 'George Ebner', 'John_McC71@hotmail.com', '2020/3/30', '253622c2e4cd001279bb4e6fc77d3f903ac794bb1a46a49c0a5bcf3d2fe75e39', 'F', 'assets/user_profile_photos/50.jpg', False);
/** +#PY'(}N **/

/** Tags **/

INSERT INTO tag (tagID, name, symbol)
    VALUES (1, 'music', 'MSC');

INSERT INTO tag (tagID, name, symbol)
    VALUES (2, 'visual-arts', 'VA');

INSERT INTO tag (tagID, name, symbol)
    VALUES (3, 'film', 'FLM');

INSERT INTO tag (tagID, name, symbol)
    VALUES (4, 'fashion', 'FSH');

INSERT INTO tag (tagID, name, symbol)
    VALUES (5, 'cooking', 'COK');

INSERT INTO tag (tagID, name, symbol)
    VALUES (6, 'charities', 'CHR');

INSERT INTO tag (tagID, name, symbol)
    VALUES (7, 'sports', 'SPO');

INSERT INTO tag (tagID, name, symbol)
    VALUES (8, 'nightlife', 'NGT');

INSERT INTO tag (tagID, name, symbol)
    VALUES (9, 'family', 'FAM');

INSERT INTO tag (tagID, name, symbol)
    VALUES (10, 'books', 'BOK');
	
INSERT INTO tag (tagID, name, symbol)
    VALUES (11, 'technology', 'TEC');


/** Countries **/

INSERT INTO country (countryID, name)
    VALUES (1, 'Bahrain');

INSERT INTO country (countryID, name)
    VALUES (2, 'Saudi Arabia');

INSERT INTO country (countryID, name)
    VALUES (3, 'Australia');

INSERT INTO country (countryID, name)
    VALUES (4, 'Italy');

INSERT INTO country (countryID, name)
    VALUES (5, 'United States');

INSERT INTO country (countryID, name)
    VALUES (6, 'Monaco');

INSERT INTO country (countryID, name)
    VALUES (7, 'Azerbaijan');

INSERT INTO country (countryID, name)
    VALUES (8, 'Canada');

INSERT INTO country (countryID, name)
    VALUES (9, 'Great Britain');

INSERT INTO country (countryID, name)
    VALUES (10, 'Portugal');


/** Cities **/
INSERT INTO city (cityID, name, countryID)
    VALUES (1, 'Manama', 1);

INSERT INTO city (cityID, name, countryID)
    VALUES (2, 'Jeddah', 2);

INSERT INTO city (cityID, name, countryID)
    VALUES (3, 'Melbourne', 3);

INSERT INTO city (cityID, name, countryID)
    VALUES (4, 'Milan', 4);

INSERT INTO city (cityID, name, countryID)
    VALUES (5, 'Austin', 5);

INSERT INTO city (cityID, name, countryID)
    VALUES (6, 'Monte Carlo', 6);

INSERT INTO city (cityID, name, countryID)
    VALUES (7, 'Baku', 7);

INSERT INTO city (cityID, name, countryID)
    VALUES (8, 'Montreal', 8);

INSERT INTO city (cityID, name, countryID)
    VALUES (9, 'Silverstone', 9);

INSERT INTO city (cityID, name, countryID)
    VALUES (10, 'Portimão', 10);
	
INSERT INTO city (cityID, name, countryID)
    VALUES (11, 'Coimbra', 10);
	
INSERT INTO city (cityID, name, countryID)
    VALUES (12, 'Lisboa', 10);
	
INSERT INTO city (cityID, name, countryID)
    VALUES (13, 'Porto', 10);


/** Events **/

INSERT INTO event (eventID, name, description, capacity, date, creationDate, price, tagID, address, cityID, isPrivate) VALUES (1, 'F1 STC Saudi Arabian Grand Prix 2023', 'The brand new Jeddah Corniche Circuit has once again opened its gates to F1 drivers, teams, and fans for an exhilarating race under the lights', 100000, '2023-03-19', '2022-10-01', 50, 7, 'Jeddah Cornice Circuit, Jeddah 23512, Saudi Arabia', 2, False);
INSERT INTO event (eventID, name, description, capacity, date, creationDate, price, tagID, address, cityID, isPrivate) VALUES (2, 'Coldplay', 'Music of the Spheres World Tour is the ongoing eighth concert tour currently being undertaken by Coldplay. As always, an unique experience awaits you.', 40000, '2023-05-17', '2022-08-20', 50, 1, 'Estadio Cidade de Coimbra, 3030-320 Coimbra', 11, False);
INSERT INTO event (eventID, name, description, capacity, date, creationDate, price, tagID, address, cityID, isPrivate) VALUES (3, 'Web Summit 2022', 'The most important conference about internet technology, emerging technologies, and venture capitalism', 35000, '2022-11-02', '2022-01-01', 60, 11, 'Altice Arena 1990-231 Lisbon', 12, False);
INSERT INTO event (eventID, name, description, capacity, date, creationDate, price, tagID, address, cityID, isPrivate) VALUES (4, 'Porto vs Benfica', 'Porto and Benfica face each other in a thrilling match that can decide the Portuguese Chmpionship', 45000, '2022-11-30', '2022-09-05', 15, 7, 'Estadio do Dragao, 4350-415 Porto', 13, False);
INSERT INTO event (eventID, name, description, capacity, date, creationDate, price, tagID, address, cityID, isPrivate) VALUES (5, 'Arctic Monkeys', 'The iconic band returns to Portugal and promises to deliver the show their fans have been waiting for for a long time', 65000, '2022-12-05', '2022-07-03', 60, 1, 'Parque da Bela Vista, Lisbon', 12, False);
INSERT INTO event (eventID, name, description, capacity, date, creationDate, price, tagID, address, cityID, isPrivate) VALUES (6, 'F1 Heineken Australian Grand Prix 2022', 'Formula 1 returns to the streets of Melbourne, where Charles Leclerc won last year. Will Red Bull be capable of stealing the victory this season?', 150000, '2023-04-02', '2022-10-01', 50, 7, 'Albert Park Grand Prix Circuit, Albert Park VIC 3206, Melbourne', 3, False);
INSERT INTO event (eventID, name, description, capacity, date, creationDate, price, tagID, address, cityID, isPrivate) VALUES (7, 'Slipknot', 'Slipknot is heading back out on tour this Fall for KNOTFEST ROADSHOW. This is your last chance to catch Slipknot on tour in the U.S. for a while', 70000, '2023-11-21', '2022-10-01', 30, 1, 'DKR Texas Memorial Stadium, 2139 San Jacinto Blvd, Austin, TX 78712, USA', 5, False);
INSERT INTO event (eventID, name, description, capacity, date, creationDate, price, tagID, address, cityID, isPrivate) VALUES (8, 'Rolex Monte-Carlo Masters', 'The Rolex Monte-Carlo Masters, which celebrated its 100th anniversary in 2006, is the first of three ATP Masters 1000 tournaments played on clay', 70000, '2023-09-04', '2022-09-10', 20, 7, 'Monte-Carlo Country Club, 155 Av. Princesse Grace', 6, False);


/** (Event) Photos **/

INSERT INTO photo (photoID, path, eventID) VALUES (1, 'event_photos/1.jpg', 1);
INSERT INTO photo (photoID, path, eventID) VALUES (2, 'event_photos/2.jpg', 2);
INSERT INTO photo (photoID, path, eventID) VALUES (3, 'event_photos/3.jpg', 3);
INSERT INTO photo (photoID, path, eventID) VALUES (4, 'event_photos/4.jpg', 4);
INSERT INTO photo (photoID, path, eventID) VALUES (5, 'event_photos/5.jpg', 5);
INSERT INTO photo (photoID, path, eventID) VALUES (6, 'event_photos/6.jpg', 6);
INSERT INTO photo (photoID, path, eventID) VALUES (7, 'event_photos/7.jpg', 7);
INSERT INTO photo (photoID, path, eventID) VALUES (8, 'event_photos/8.jpg', 8);

/** Reviews **/

INSERT INTO review (rating, userID, eventID)
    VALUES (4, 1, 5);

INSERT INTO review (rating, userID, eventID)
    VALUES (3, 1, 1);

INSERT INTO review (rating, userID, eventID)
    VALUES (4, 2, 2);

INSERT INTO review (rating, userID, eventID)
    VALUES (5, 3, 3);

INSERT INTO review (rating, userID, eventID)
    VALUES (4, 4, 4);

INSERT INTO review (rating, userID, eventID)
    VALUES (2, 5, 5);

INSERT INTO review (rating, userID, eventID)
    VALUES (0, 6, 6);

INSERT INTO review (rating, userID, eventID)
    VALUES (2, 7, 7);

INSERT INTO review (rating, userID, eventID)
    VALUES (5, 8, 8);

INSERT INTO review (rating, userID, eventID)
    VALUES (1, 9, 8);


/** Invited **/

INSERT INTO invited (status, userID, eventID)
    VALUES (TRUE, 2, 7);

INSERT INTO invited (status, userID, eventID)
    VALUES (TRUE, 3, 8);

INSERT INTO invited (status, userID, eventID)
    VALUES (FALSE, 1, 5);

INSERT INTO invited (status, userID, eventID)
    VALUES (FALSE, 7, 2);

INSERT INTO invited (status, userID, eventID)
    VALUES (TRUE, 8, 1);

INSERT INTO invited (status, userID, eventID)
    VALUES (FALSE, 3, 7);

INSERT INTO invited (status, userID, eventID)
    VALUES (TRUE, 10, 1);

INSERT INTO invited (status, userID, eventID)
    VALUES (FALSE, 3, 5);

INSERT INTO invited (status, userID, eventID)
    VALUES (FALSE, 1, 4);

INSERT INTO invited (status, userID, eventID)
    VALUES (TRUE, 5, 8);

INSERT INTO invited (status, userID, eventID)
    VALUES (FALSE, 8, 5);

INSERT INTO invited (status, userID, eventID)
    VALUES (TRUE, 10, 7);

INSERT INTO invited (status, userID, eventID)
    VALUES (FALSE, 2, 8);

INSERT INTO invited (status, userID, eventID)
    VALUES (FALSE, 1, 1);

INSERT INTO invited (status, userID, eventID)
    VALUES (FALSE, 7, 6);

INSERT INTO invited (status, userID, eventID)
    VALUES (TRUE, 1, 3);

INSERT INTO invited (status, userID, eventID)
    VALUES (TRUE, 6, 3);

INSERT INTO invited (status, userID, eventID)
    VALUES (FALSE, 1, 6);

INSERT INTO invited (status, userID, eventID)
    VALUES (FALSE, 5, 5);

INSERT INTO invited (status, userID, eventID)
    VALUES (FALSE, 2, 4);


/* Event hosts */

INSERT INTO event_host (userID, eventID)
    VALUES (1, 1);

INSERT INTO event_host (userID, eventID)
    VALUES (2, 2);

INSERT INTO event_host (userID, eventID)
    VALUES (3, 3);

INSERT INTO event_host (userID, eventID)
    VALUES (4, 4);

INSERT INTO event_host (userID, eventID)
    VALUES (5, 5);

INSERT INTO event_host (userID, eventID)
    VALUES (6, 6);

INSERT INTO event_host (userID, eventID)
    VALUES (7, 7);

INSERT INTO event_host (userID, eventID)
    VALUES (8, 8);

/* Comments */

INSERT INTO comment (commentID, text, date, time, userID, eventID) VALUES (1, 'Just cant believe!!', '2021/4/13', '3:20', 1, 6);
INSERT INTO comment (commentID, text, date, time, userID, eventID) VALUES (2, 'So excited!', '2020/10/5', '13:35', 2, 2);
INSERT INTO comment (commentID, text, date, time, userID, eventID) VALUES (3, 'Too bad I cant go', '2020/2/9', '23:12', 3, 7);
INSERT INTO comment (commentID, text, date, time, userID, eventID) VALUES (4, 'This artist is just thrash', '2022/6/25', '6:49', 4, 3);
INSERT INTO comment (commentID, text, date, time, userID, eventID) VALUES (5, 'I feel like this pushes too many agenda', '2022/2/1', '21:18', 5, 8);
INSERT INTO comment (commentID, text, date, time, userID, eventID) VALUES (6, 'Too bad I cant go', '2020/11/25', '15:28', 6, 6);
INSERT INTO comment (commentID, text, date, time, userID, eventID) VALUES (7, 'Too bad I cant go', '2020/12/16', '7:38', 7, 4);
INSERT INTO comment (commentID, text, date, time, userID, eventID) VALUES (8, 'Cant wait for it!', '2021/6/30', '23:33', 8, 5);
INSERT INTO comment (commentID, text, date, time, userID, eventID) VALUES (9, 'This artist is just thrash', '2022/11/17', '16:19', 9, 8);
INSERT INTO comment (commentID, text, date, time, userID, eventID) VALUES (10, 'NOPE LOL', '2020/11/8', '9:15', 10, 8);
INSERT INTO comment (commentID, text, date, time, userID, eventID) VALUES (11, 'Price is too high', '2020/5/6', '9:46', 11, 4);
INSERT INTO comment (commentID, text, date, time, userID, eventID) VALUES (12, 'NOPE LOL', '2021/6/29', '9:27', 12, 8);
INSERT INTO comment (commentID, text, date, time, userID, eventID) VALUES (13, 'Just cant believe!!', '2022/9/13', '0:39', 13, 4);
INSERT INTO comment (commentID, text, date, time, userID, eventID) VALUES (14, 'Price is too high', '2020/8/10', '8:7', 14, 8);
INSERT INTO comment (commentID, text, date, time, userID, eventID) VALUES (15, 'Too political, LOL', '2021/3/29', '22:41', 15, 2);
INSERT INTO comment (commentID, text, date, time, userID, eventID) VALUES (16, 'Price is too high', '2021/10/10', '13:36', 16, 6);
INSERT INTO comment (commentID, text, date, time, userID, eventID) VALUES (17, 'So excited!', '2022/9/17', '20:59', 17, 7);
INSERT INTO comment (commentID, text, date, time, userID, eventID) VALUES (18, 'I feel like this pushes too many agenda', '2020/2/13', '18:40', 18, 8);
INSERT INTO comment (commentID, text, date, time, userID, eventID) VALUES (19, 'Too bad the prices are like this!', '2020/8/23', '9:58', 19, 8);
INSERT INTO comment (commentID, text, date, time, userID, eventID) VALUES (20, 'So excited!', '2020/9/9', '10:58', 20, 4);
/* Reports */

INSERT INTO report (reason, description, date, time, userID, eventID, commentID)
    VALUES ('Dangerous/Illegal', 'LOL, cant believe he said that', '2022/10/18', '16:35', 1, 1, 1);

INSERT INTO report (reason, description, date, time, userID, eventID, commentID)
    VALUES ('Other', 'Very aggressive behaviour', '2022/10/18', '16:35', 2, 2, 2);

INSERT INTO report (reason, description, date, time, userID, eventID, commentID)
    VALUES ('Discriminatory', 'Very aggressive behaviour', '2022/10/18', '16:35', 3, 3, 3);

INSERT INTO report (reason, description, date, time, userID, eventID, commentID)
    VALUES ('Dangerous/Illegal', 'LOL, cant believe he said that', '2022/10/18', '16:35', 4, 4, 4);

INSERT INTO report (reason, description, date, time, userID, eventID, commentID)
    VALUES ('Dangerous/Illegal', 'This user has been doing homophobic comments', '2022/10/18', '16:35', 5, 5, 5);

INSERT INTO report (reason, description, date, time, userID, eventID, commentID)
    VALUES ('Other', 'Thats kinda racist!', '2022/10/18', '16:35', 6, 6, 6);

INSERT INTO report (reason, description, date, time, userID, eventID, commentID)
    VALUES ('Disrespectful', 'LOL, cant believe he said that', '2022/10/18', '16:35', 7, 7, 7);

INSERT INTO report (reason, description, date, time, userID, eventID, commentID)
    VALUES ('Discriminatory', 'Very aggressive behaviour', '2022/10/18', '16:35', 8, 8, 8);

INSERT INTO report (reason, description, date, time, userID, eventID, commentID)
    VALUES ('Disrespectful', 'I just felt attacked by this comment!', '2022/10/18', '16:35', 9, 2, 9);

INSERT INTO report (reason, description, date, time, userID, eventID, commentID)
    VALUES ('Disrespectful', 'Very aggressive behaviour', '2022/10/18', '16:35', 10, 3, 10);

INSERT INTO report (reason, description, date, time, userID, eventID, commentID)
    VALUES ('Disrespectful', 'Very aggressive behaviour', '2022/10/18', '16:35', 11, 4, 11);

INSERT INTO report (reason, description, date, time, userID, eventID, commentID)
    VALUES ('Discriminatory', 'WTF!', '2022/10/18', '16:35', 12, 5, 12);

INSERT INTO report (reason, description, date, time, userID, eventID, commentID)
    VALUES ('Misinformation', 'I just felt attacked by this comment!', '2022/10/18', '16:35', 13, 6, 13);

INSERT INTO report (reason, description, date, time, userID, eventID, commentID)
    VALUES ('Disrespectful', 'This user has been doing homophobic comments', '2022/10/18', '16:35', 14, 7, 14);

INSERT INTO report (reason, description, date, time, userID, eventID, commentID)
    VALUES ('Disrespectful', 'This user has been doing homophobic comments', '2022/10/18', '16:35', 15, 8, 15);

INSERT INTO report (reason, description, date, time, userID, eventID, commentID)
    VALUES ('Disrespectful', 'I just felt attacked by this comment!', '2022/10/18', '16:35', 16, 7, 16);

INSERT INTO report (reason, description, date, time, userID, eventID, commentID)
    VALUES ('Other', 'Very aggressive behaviour', '2022/10/18', '16:35', 17, 6, 17);

INSERT INTO report (reason, description, date, time, userID, eventID, commentID)
    VALUES ('Disrespectful', 'Thats kinda racist!', '2022/10/18', '16:35', 18, 5, 18);

INSERT INTO report (reason, description, date, time, userID, eventID, commentID)
    VALUES ('Discriminatory', 'This user has been doing homophobic comments', '2022/10/18', '16:35', 19, 4, 19);

INSERT INTO report (reason, description, date, time, userID, eventID, commentID)
    VALUES ('Other', 'I just felt attacked by this comment!', '2022/10/18', '16:35', 20, 3, 18);

INSERT INTO report (reason, description, date, time, userID, eventID, commentID)
    VALUES ('Misinformation', 'Thats kinda racist!', '2022/10/18', '16:35', 21, 2, 17);

INSERT INTO report (reason, description, date, time, userID, eventID, commentID)
    VALUES ('Misinformation', 'Thats kinda racist!', '2022/10/18', '16:35', 22, 1, 16);

INSERT INTO report (reason, description, date, time, userID, eventID, commentID)
    VALUES ('Misinformation', 'Very aggressive behaviour', '2022/10/18', '16:35', 23, 1, 15);

INSERT INTO report (reason, description, date, time, userID, eventID, commentID)
    VALUES ('Dangerous/Illegal', 'Thats kinda racist!', '2022/10/18', '16:35', 24, 2, 14);

INSERT INTO report (reason, description, date, time, userID, eventID, commentID)
    VALUES ('Dangerous/Illegal', 'Thats kinda racist!', '2022/10/18', '16:35', 25, 3, 13);

INSERT INTO report (reason, description, date, time, userID, eventID, commentID)
    VALUES ('Other', 'Thats kinda racist!', '2022/10/18', '16:35', 26, 4, 12);

INSERT INTO report (reason, description, date, time, userID, eventID, commentID)
    VALUES ('Misinformation', 'I just felt attacked by this comment!', '2022/10/18', '16:35', 27, 5, 11);

INSERT INTO report (reason, description, date, time, userID, eventID, commentID)
    VALUES ('Dangerous/Illegal', 'LOL, cant believe he said that', '2022/10/18', '16:35', 28, 6, 10);

INSERT INTO report (reason, description, date, time, userID, eventID, commentID)
    VALUES ('Disrespectful', 'This user has been doing homophobic comments', '2022/10/18', '16:35', 29, 7, 9);

INSERT INTO report (reason, description, date, time, userID, eventID, commentID)
    VALUES ('Other', 'Thats kinda racist!', '2022/10/18', '16:35', 30, 8, 8);





/* Tickets */

INSERT INTO ticket (qr_genstring, userID, eventID) VALUES ('9e25bc6c893e75664de8316a2b24f703c475c7c38a5b6b4057caec6a5922e9ed', 1,1);
INSERT INTO ticket (qr_genstring, userID, eventID) VALUES ('8056a38b89cdd91596af02f941a575dfd5d100ae9fff098e0694275fdd2115e9', 2,2);
INSERT INTO ticket (qr_genstring, userID, eventID) VALUES ('96047ed3338190c0bef12ad3056c209bd697859e3d9fc48cbc0872c9375f6c1e', 3,3);
INSERT INTO ticket (qr_genstring, userID, eventID) VALUES ('b737fdb3af65fb6ca162272339543a14a0bade2502784a3412d31f078d92f092', 4,4);
INSERT INTO ticket (qr_genstring, userID, eventID) VALUES ('dd5081045fc9b5a3116f12dc95ebb97be91fb9e6f8734728f898891dd4e542ca', 5,5);
INSERT INTO ticket (qr_genstring, userID, eventID) VALUES ('b3a3867d2e4ac172810eeb6130b5c4615751ddaddd156337bb7fe3299dd40c28', 6,6);
INSERT INTO ticket (qr_genstring, userID, eventID) VALUES ('45a69dbe2980995f8b9b8aa6065c92a1b5a550bfb74aaf95f85838929ca85b74', 7,7);
INSERT INTO ticket (qr_genstring, userID, eventID) VALUES ('527b93cdc6fcf912f9d9e0f018ab784deb4dc672ac8b6e07dc4a4cf7b00160ea', 8,8);
